countryCode,productCode,countryName,visaType,region,tier,validityDays,stayDays,entry,governmentFeeInr,serviceFeeInr,processingDays,requiredDocuments,active,officialUrl,totalFeeInr
AM,AM_TOURIST_INFO,Armenia,E_VISA,EUROPE,FULFILLED,120,21,SINGLE,2600,15000,3,Passport bio page|PASSPORT_BIO;Passport-size photo|PHOTO,true,https://evisa.mfa.am,17600
AU,AU_VISITOR_600,Australia,ASSISTED,OCEANIA,FULFILLED,365,90,MULTIPLE,10800,3500,30,Passport bio page|PASSPORT_BIO;Passport-size photo|PHOTO;Bank statements (last 3–6 months)|BANK_STATEMENT;Income tax returns (last 2 years)|ITR;Employment proof / business registration|EMPLOYMENT_PROOF,true,,14300
AZ,AZ_TOURIST_INFO,Azerbaijan,E_VISA,EUROPE,FULFILLED,90,30,SINGLE,2200,1500,3,Passport bio page|PASSPORT_BIO;Passport-size photo|PHOTO,true,https://evisa.gov.az,3700
KH,KH_TOURIST_INFO,Cambodia,E_VISA,ASIA,FULFILLED,90,30,SINGLE,2500,1500,3,Passport bio page|PASSPORT_BIO;Passport-size photo|PHOTO,true,https://www.evisa.gov.kh,4000
CA,CA_VISITOR_TRV,Canada,ASSISTED,AMERICAS,FULFILLED,3650,180,MULTIPLE,7500,3500,45,Passport bio page|PASSPORT_BIO;Passport-size photo|PHOTO;Bank statements (last 3–6 months)|BANK_STATEMENT;Income tax returns (last 2 years)|ITR;Employment proof / business registration|EMPLOYMENT_PROOF,true,,11000
CN,CN_TOURIST_INFO,China,ASSISTED,ASIA,FULFILLED,90,30,SINGLE,3900,3500,5,Passport bio page|PASSPORT_BIO;Passport-size photo|PHOTO;Bank statements (last 3–6 months)|BANK_STATEMENT;Return flight itinerary|FLIGHT_ITINERARY;Hotel booking or stay proof|HOTEL_BOOKING,true,https://www.visaforchina.cn,7400
EG,EG_TOURIST_INFO,Egypt,E_VISA,AFRICA,FULFILLED,90,30,SINGLE,2100,1500,5,Passport bio page|PASSPORT_BIO;Passport-size photo|PHOTO,true,https://visa2egypt.gov.eg,3600
FR,FR_TOURIST_INFO,France (Schengen),ASSISTED,EUROPE,FULFILLED,180,90,MULTIPLE,8100,4000,15,Passport bio page|PASSPORT_BIO;Passport-size photo|PHOTO;Bank statements (last 3–6 months)|BANK_STATEMENT;Income tax returns (last 2 years)|ITR;Employment proof / business registration|EMPLOYMENT_PROOF;Return flight itinerary|FLIGHT_ITINERARY;Hotel booking or stay proof|HOTEL_BOOKING,true,https://france-visas.gouv.fr,12100
GE,GE_TOURIST_INFO,Georgia,E_VISA,EUROPE,FULFILLED,120,30,SINGLE,2100,1500,5,Passport bio page|PASSPORT_BIO;Passport-size photo|PHOTO,true,https://www.evisa.gov.ge,3600
DE,DE_TOURIST_INFO,Germany (Schengen),ASSISTED,EUROPE,FULFILLED,180,90,MULTIPLE,8100,4000,15,Passport bio page|PASSPORT_BIO;Passport-size photo|PHOTO;Bank statements (last 3–6 months)|BANK_STATEMENT;Income tax returns (last 2 years)|ITR;Employment proof / business registration|EMPLOYMENT_PROOF;Return flight itinerary|FLIGHT_ITINERARY;Hotel booking or stay proof|HOTEL_BOOKING,true,https://digital.diplo.de,12100
HK,HK_TOURIST_INFO,Hong Kong,ETA,ASIA,INFO_ONLY,180,14,MULTIPLE,0,0,1,,true,https://www.immd.gov.hk,0
ID,ID_TOURIST_INFO,Indonesia,VISA_ON_ARRIVAL,ASIA,INFO_ONLY,30,30,SINGLE,2700,0,1,,true,https://molina.imigrasi.go.id,2700
IT,IT_TOURIST_INFO,Italy (Schengen),ASSISTED,EUROPE,FULFILLED,180,90,MULTIPLE,8100,4000,15,Passport bio page|PASSPORT_BIO;Passport-size photo|PHOTO;Bank statements (last 3–6 months)|BANK_STATEMENT;Income tax returns (last 2 years)|ITR;Employment proof / business registration|EMPLOYMENT_PROOF;Return flight itinerary|FLIGHT_ITINERARY;Hotel booking or stay proof|HOTEL_BOOKING,true,https://vistoperitalia.esteri.it,12100
JP,JP_TOURIST_INFO,Japan,ASSISTED,ASIA,FULFILLED,90,15,SINGLE,1700,3500,5,Passport bio page|PASSPORT_BIO;Passport-size photo|PHOTO;Bank statements (last 3–6 months)|BANK_STATEMENT;Return flight itinerary|FLIGHT_ITINERARY;Hotel booking or stay proof|HOTEL_BOOKING,true,https://www.mofa.go.jp,5200
KE,KE_TOURIST_INFO,Kenya,ETA,AFRICA,FULFILLED,90,90,SINGLE,2900,1500,3,Passport bio page|PASSPORT_BIO;Passport-size photo|PHOTO;Return flight itinerary|FLIGHT_ITINERARY;Hotel booking or stay proof|HOTEL_BOOKING,true,https://www.etakenya.go.ke,4400
MY,MY_TOURIST_INFO,Malaysia,VISA_FREE,ASIA,INFO_ONLY,30,30,SINGLE,0,0,1,,true,https://www.imi.gov.my,0
MV,MV_TOURIST_INFO,Maldives,VISA_ON_ARRIVAL,ASIA,INFO_ONLY,30,30,SINGLE,0,0,1,,true,https://immigration.gov.mv,0
NP,NP_TOURIST_INFO,Nepal,VISA_FREE,ASIA,INFO_ONLY,365,365,MULTIPLE,0,0,1,,true,https://www.immigration.gov.np,0
NL,NL_TOURIST_INFO,Netherlands (Schengen),ASSISTED,EUROPE,FULFILLED,180,90,MULTIPLE,8100,4000,15,Passport bio page|PASSPORT_BIO;Passport-size photo|PHOTO;Bank statements (last 3–6 months)|BANK_STATEMENT;Income tax returns (last 2 years)|ITR;Employment proof / business registration|EMPLOYMENT_PROOF;Return flight itinerary|FLIGHT_ITINERARY;Hotel booking or stay proof|HOTEL_BOOKING,true,https://www.netherlandsandyou.nl,12100
NZ,NZ_VISITOR,New Zealand,ASSISTED,OCEANIA,FULFILLED,270,90,MULTIPLE,17500,3500,30,Passport bio page|PASSPORT_BIO;Passport-size photo|PHOTO;Bank statements (last 3–6 months)|BANK_STATEMENT;Employment proof / business registration|EMPLOYMENT_PROOF,true,,21000
NG,NG_TOURIST_EVISA,Nigeria,E_VISA,AFRICA,FULFILLED,90,30,SINGLE,21500,2500,5,Passport bio page|PASSPORT_BIO;Passport-size photo|PHOTO;Return flight itinerary|FLIGHT_ITINERARY;Hotel booking or stay proof|HOTEL_BOOKING;Bank statements (last 3–6 months)|BANK_STATEMENT,true,,24000
PH,PH_TOURIST_INFO,Philippines,ASSISTED,ASIA,FULFILLED,90,59,SINGLE,3000,2500,10,Passport bio page|PASSPORT_BIO;Passport-size photo|PHOTO;Bank statements (last 3–6 months)|BANK_STATEMENT;Return flight itinerary|FLIGHT_ITINERARY;Hotel booking or stay proof|HOTEL_BOOKING,true,https://evisa.gov.ph,5500
SG,SG_TOURIST_INFO,Singapore,E_VISA,ASIA,FULFILLED,63,30,MULTIPLE,2600,1500,4,Passport bio page|PASSPORT_BIO;Passport-size photo|PHOTO,true,https://www.ica.gov.sg,4100
KR,KR_TOURIST_INFO,South Korea,ASSISTED,ASIA,FULFILLED,90,90,SINGLE,3400,3500,10,Passport bio page|PASSPORT_BIO;Passport-size photo|PHOTO;Bank statements (last 3–6 months)|BANK_STATEMENT;Return flight itinerary|FLIGHT_ITINERARY;Hotel booking or stay proof|HOTEL_BOOKING,true,https://www.visa.go.kr,6900
LK,LK_TOURIST_INFO,Sri Lanka,ETA,ASIA,INFO_ONLY,30,30,MULTIPLE,0,0,2,,true,https://eta.gov.lk,0
TZ,TZ_TOURIST_EVISA,Tanzania,E_VISA,AFRICA,FULFILLED,90,90,SINGLE,4300,1500,7,Passport bio page|PASSPORT_BIO;Passport-size photo|PHOTO;Return flight itinerary|FLIGHT_ITINERARY;Hotel booking or stay proof|HOTEL_BOOKING,true,,5800
TH,TH_TOURIST_INFO,Thailand,VISA_FREE,ASIA,INFO_ONLY,60,60,SINGLE,0,0,1,,true,https://www.mfa.go.th,0
TR,TR_TOURIST_INFO,Türkiye,ASSISTED,MIDDLE_EAST,FULFILLED,180,30,SINGLE,5100,3500,15,Passport bio page|PASSPORT_BIO;Passport-size photo|PHOTO;Bank statements (last 3–6 months)|BANK_STATEMENT;Return flight itinerary|FLIGHT_ITINERARY;Hotel booking or stay proof|HOTEL_BOOKING,true,https://www.mfa.gov.tr,8600
UG,UG_TOURIST_EVISA,Uganda,E_VISA,AFRICA,FULFILLED,90,45,SINGLE,4300,1500,3,Passport bio page|PASSPORT_BIO;Passport-size photo|PHOTO;Yellow fever vaccination certificate|YELLOW_FEVER_CERT;Return flight itinerary|FLIGHT_ITINERARY,true,,5800
AE,AE_TOURIST_30D_SINGLE,United Arab Emirates,E_VISA,MIDDLE_EAST,FULFILLED,60,30,SINGLE,6500,1500,4,Passport bio page|PASSPORT_BIO;Passport-size photo|PHOTO,true,,8000
GB,GB_TOURIST_INFO,United Kingdom,ASSISTED,EUROPE,FULFILLED,180,180,MULTIPLE,12300,4000,15,Passport bio page|PASSPORT_BIO;Passport-size photo|PHOTO;Bank statements (last 3–6 months)|BANK_STATEMENT;Income tax returns (last 2 years)|ITR;Employment proof / business registration|EMPLOYMENT_PROOF,true,https://www.gov.uk/standard-visitor-visa,16300
US,US_TOURIST_INFO,United States,ASSISTED,AMERICAS,FULFILLED,3650,180,MULTIPLE,15500,4500,60,Passport bio page|PASSPORT_BIO;Passport-size photo|PHOTO;Bank statements (last 3–6 months)|BANK_STATEMENT;Income tax returns (last 2 years)|ITR;Employment proof / business registration|EMPLOYMENT_PROOF,true,https://travel.state.gov,20000
VN,VN_TOURIST_INFO,Vietnam,E_VISA,ASIA,FULFILLED,90,90,SINGLE,2100,1500,5,Passport bio page|PASSPORT_BIO;Passport-size photo|PHOTO,true,https://evisa.xuatnhapcanh.gov.vn,3600
ZM,ZM_TOURIST_EVISA,Zambia,E_VISA,AFRICA,FULFILLED,90,30,SINGLE,2200,1500,7,Passport bio page|PASSPORT_BIO;Passport-size photo|PHOTO;Return flight itinerary|FLIGHT_ITINERARY;Hotel booking or stay proof|HOTEL_BOOKING;Cover letter (we help you draft it)|COVER_LETTER,true,,3700
